Name	title	coding
t3_qrb93k	is the non credit french course better than the one with credits in concordia?	c
t3_qraagr	University Grades	c
t3_qr9eyp	Does COMP 248 have a curve?	c
t3_qr5d7r	Looking for electives eng246/fina200/ital200/theo206	c
t3_qr3kcf	Im thinking of taking Econ 201 or 203 this winter semester	c
t3_qqyev4	Transferring	o
t3_qqk482	How much financial aid money do I lose if I disc a class?	c
t3_qqi45f	Students who live alone. How you manage it out and what is your budget	r
t3_qqhr4n	math 204 crash course?	c
t3_qqg6b9	How will theology department tests work when we return to school in January?	c
t3_qqg2sg	Minimum grade for a prerequisite course	c
t3_qqb0oc	Comp 218	c
t3_qq7zbj	COMP 232 + 233 in one semester?	c
t3_qq6isg	PHYS204	c
t3_qq5d1b	COMP 335 Syllabus	c
t3_qpyqie	Question for CS students	c
t3_qpyg82	Ontario Transfer to Concordia University	o
t3_qpvjxz	DISC Inquiry	c
t3_qpuhjr	"Have four courses, planning to disc one tonight. Would I become a part time student?"	c
t3_qprn6y	Final year worries	o
t3_qpr2og	"Guys , what’s the best website/app to find apartments for rent for students?"	r
t3_qpqth4	CS electives	c
t3_qplp47	Conconrdia Engr courses attendance policy	c
t3_qple7p	Did not meet the requirements on conditional offer	o
t3_qpl6dx	Work-study program	c
t3_qpe7hw	Housing Accomodation	r
t3_qp6olo	Anyone here doing options trading	o
t3_qp5j44	Concordia or uwindsor	o
t3_qoec88	Construction Engineering and Management (MEng)	o
t3_qobx60	Hi I am new to university today I drop math 204 tomorrow is our medterm is it effect on my GPA	c
t3_qoagdb	How do you DISC a class?	c
t3_qo535h	Im in Software Engineering and I have two options next semester. Either to take the ENGR 233 with Chantal David but take the SOEN 228 with Donald Peter Davies. OR take ENGR 233 with Alexei Kokotov but take SOEN 228 with Hakim Mella . Which option should I go for?	c
t3_qo26js	Permanent code international student.	o
t3_qo1ena	Anyone down to practice leetcode and tech interview questions?	c
t3_qo0c3s	BTM salary upon graduation?	o
t3_qnqvld	"How Prof Aimaan Hanna knows everyone name by face, even though all new students never met him ?"	o
t3_qne2cy	Just submitted my application for fall 2022!!!	o
t3_qndfs9	Is there a limit to how many DISC you can have?	c
t3_qncmqz	Anyone know any good psychoanalysts around?	o
t3_qnb3i5	Is a tutor allowed to give a quiz after stating no quiz would be given?	c
t3_qn079w	Soccer Tournament	o
t3_qmx5wu	What's going on at Space Concordia	o
t3_qmry9i	"Relevent post, this scammer is around Concordia (St. Catherines just west of rue Guy)"	o
t3_qmoiy3	Do I have hope to pass my class?	c
t3_qmnn6h	Hard course load for winter?	c
t3_qmm8cj	Math 204 Advice ?	c
t3_qmdxoa	Gown	o
t3_qm1wq9	Wheelchair	o
t3_qm1eee	Teamwork with 10 teammates	o
t3_qm1ai3	Discord link for SOEN	o